slot,controller,requested_forward_speed,episode_id,seed,spawn_origin_x,spawn_origin_y,spawn_origin_z,control_steps,episode_return,forward_displacement_blocks,lateral_displacement_blocks,machine_failure,termination_reason,minimum_body_up,peak_vertical_excursion_blocks,action_total_variation,action_saturation_fraction,terminal_captured
0,learned,0.50000000,8100000,8200000,31.50000000,83.58000000,63.84482758,95,-16.61673868,0.77973740,-4.98359489,true,MACHINE_FAILURE,0.08245691,2.20613861,19.69834931,0.00000000,true
1,learned,0.80000000,8100001,8200001,43.50000000,83.58000000,63.84482758,200,0.63457883,1.97093766,-3.55100631,false,TIME_LIMIT,0.57131920,2.20423889,40.18764090,0.00000000,true
2,learned,1.10000000,8100002,8200002,55.50000000,83.58000000,63.84482758,200,-0.39461025,1.77132218,-2.53449630,false,TIME_LIMIT,0.48218548,2.27346039,39.36072071,0.00000000,true
3,neutral,0.50000000,8100000,8200000,31.50000000,83.58000000,63.84482758,200,-7.58100578,-2.72591979,-0.00056076,false,TIME_LIMIT,0.56635306,2.06653595,0.00000000,0.00000000,true
4,neutral,0.80000000,8100001,8200001,43.50000000,83.58000000,63.84482758,200,-7.47168686,-2.72209746,0.02225113,false,TIME_LIMIT,0.56252378,2.06623077,0.00000000,0.00000000,true
5,neutral,1.10000000,8100002,8200002,55.50000000,83.58000000,63.84482758,200,-7.42601606,-2.72605712,-0.00082397,false,TIME_LIMIT,0.56634971,2.06660461,0.00000000,0.00000000,true
6,scripted_alternating_sine,0.50000000,8100000,8200000,31.50000000,83.58000000,63.84482758,89,-12.02927418,3.79008668,-4.53582764,true,MACHINE_FAILURE,-0.42097220,7.00561523,32.07743950,0.00000000,true
7,scripted_alternating_sine,0.80000000,8100001,8200001,43.50000000,83.58000000,63.84482758,200,3.78545522,5.82379716,0.68152619,false,TIME_LIMIT,0.49789481,2.06544495,71.67300347,0.00000000,true
8,scripted_alternating_sine,1.10000000,8100002,8200002,55.50000000,83.58000000,63.84482758,200,-13.09070751,2.03330033,-1.89339828,false,TIME_LIMIT,0.49871426,2.14664459,71.67300347,0.00000000,true
