slot,controller,requested_forward_speed,control_steps,episode_return,forward_displacement_blocks,lateral_displacement_blocks,machine_failure,termination_reason,minimum_body_up,peak_vertical_excursion_blocks,action_total_variation,action_saturation_fraction,terminal_captured
0,learned,0.50000000,200,-2.76519015,-0.11415679,0.03272057,false,TIME_LIMIT,0.91173883,0.53490448,25.74342718,0.00000000,true
1,learned,0.80000000,200,-0.29447338,-0.12848861,-0.01680755,false,TIME_LIMIT,0.92902895,0.40666199,25.84290054,0.00000000,true
2,learned,1.10000000,200,-5.18515228,-0.96077926,-0.29935837,false,TIME_LIMIT,0.23941093,2.05559540,25.94237390,0.00000000,true
3,neutral,0.50000000,200,-0.47212193,-0.11376769,0.00013734,false,TIME_LIMIT,0.99941881,0.01538086,0.00000000,0.00000000,true
4,neutral,0.80000000,200,-2.13172193,-0.91113860,-0.00340271,false,TIME_LIMIT,0.95954164,0.20915985,0.00000000,0.00000000,true
5,neutral,1.10000000,200,-0.47334910,-0.17294127,0.00049591,false,TIME_LIMIT,0.99868898,0.00057220,0.00000000,0.00000000,true
6,scripted_alternating_sine,0.50000000,135,-6.70914579,10.25514024,2.85306551,true,MACHINE_FAILURE,0.37379219,8.01511002,48.14653110,0.00000000,true
7,scripted_alternating_sine,0.80000000,192,7.80637646,18.50823395,-11.26018525,true,MACHINE_FAILURE,0.29765620,8.17519760,68.72491049,0.00000000,true
8,scripted_alternating_sine,1.10000000,188,-17.62085384,2.23319810,15.22175599,true,MACHINE_FAILURE,-0.41721029,7.42597198,67.78964631,0.00000000,true
