slot,controller,requested_forward_speed,episode_id,seed,spawn_origin_x,spawn_origin_y,spawn_origin_z,post_warmup_origin_x,post_warmup_origin_y,post_warmup_origin_z,post_warmup_forward_baseline_blocks,post_warmup_lateral_baseline_blocks,terminal_spawn_relative_forward_blocks,terminal_spawn_relative_lateral_blocks,control_steps,episode_return,forward_displacement_blocks,lateral_displacement_blocks,machine_failure,arena_escape,termination_reason,minimum_body_up,peak_vertical_excursion_blocks,action_total_variation,action_saturation_fraction,terminal_captured,physics_tick_pose_samples,benchmark_id,generated_at
0,learned,0.50000000,8100000,8200000,31.50000000,83.58000000,63.84482758,31.50001335,83.29843140,64.40964508,-0.56481750,0.00001335,3.09463685,-1.23546219,200,-2.21762925,3.65945435,-1.23547554,false,false,TIME_LIMIT,0.61053353,2.12242126,30.50640284,0.00000000,true,800,6b5506a5-e24b-4df2-b972-49cbe6ed1a51,2026-08-03T17:26:14.048326Z
1,learned,0.80000000,8100001,8200001,43.50000000,83.58000000,63.84482758,43.49999619,83.29927063,64.40768433,-0.56285674,-0.00000381,2.37819856,-1.12067794,200,-0.60253265,2.94105530,-1.12067413,false,false,TIME_LIMIT,0.60826695,2.12266541,31.71310896,0.00000000,true,800,6b5506a5-e24b-4df2-b972-49cbe6ed1a51,2026-08-03T17:26:14.048326Z
2,learned,1.10000000,8100002,8200002,55.50000000,83.58000000,63.84482758,55.50000763,83.29846954,64.40956879,-0.56474120,0.00000763,2.06731217,0.04557419,200,2.08728445,2.63205338,0.04556656,false,false,TIME_LIMIT,0.61007902,2.12741089,32.91981509,0.00000000,true,800,6b5506a5-e24b-4df2-b972-49cbe6ed1a51,2026-08-03T17:26:14.048326Z
3,neutral,0.50000000,8100000,8200000,31.50000000,83.58000000,63.84482758,31.50001335,83.29843140,64.40964508,-0.56481750,0.00001335,-2.72591979,-0.00056076,200,-7.58100578,-2.16110229,-0.00057411,false,false,TIME_LIMIT,0.55365734,2.08611298,0.00000000,0.00000000,true,800,6b5506a5-e24b-4df2-b972-49cbe6ed1a51,2026-08-03T17:26:14.048326Z
4,neutral,0.80000000,8100001,8200001,43.50000000,83.58000000,63.84482758,43.49999619,83.29927063,64.40768433,-0.56285674,-0.00000381,-2.72209746,0.02225113,200,-7.47168686,-2.15924072,0.02225494,false,false,TIME_LIMIT,0.55569440,2.08201599,0.00000000,0.00000000,true,800,6b5506a5-e24b-4df2-b972-49cbe6ed1a51,2026-08-03T17:26:14.048326Z
5,neutral,1.10000000,8100002,8200002,55.50000000,83.58000000,63.84482758,55.50000763,83.29846954,64.40956879,-0.56474120,0.00000763,-2.72605712,-0.00082397,200,-7.42601606,-2.16131592,-0.00083160,false,false,TIME_LIMIT,0.55381014,2.08585358,0.00000000,0.00000000,true,800,6b5506a5-e24b-4df2-b972-49cbe6ed1a51,2026-08-03T17:26:14.048326Z
6,scripted_alternating_sine,0.50000000,8100000,8200000,31.50000000,83.58000000,63.84482758,31.50001335,83.29843140,64.40964508,-0.56481750,0.00001335,3.79008668,-4.53582764,89,-12.02927418,4.35490417,-4.53584099,true,true,MACHINE_FAILURE,-0.42097220,7.00561523,32.07743950,0.00000000,true,356,6b5506a5-e24b-4df2-b972-49cbe6ed1a51,2026-08-03T17:26:14.048326Z
7,scripted_alternating_sine,0.80000000,8100001,8200001,43.50000000,83.58000000,63.84482758,43.49999619,83.29927063,64.40768433,-0.56285674,-0.00000381,5.82379716,0.68152619,200,3.78545522,6.38665390,0.68153000,false,false,TIME_LIMIT,0.48728452,2.07439423,71.67300347,0.00000000,true,800,6b5506a5-e24b-4df2-b972-49cbe6ed1a51,2026-08-03T17:26:14.048326Z
8,scripted_alternating_sine,1.10000000,8100002,8200002,55.50000000,83.58000000,63.84482758,55.50000763,83.29846954,64.40956879,-0.56474120,0.00000763,2.03330033,-1.89339828,200,-13.09070751,2.59804153,-1.89340591,false,false,TIME_LIMIT,0.49358219,2.14664459,71.67300347,0.00000000,true,800,6b5506a5-e24b-4df2-b972-49cbe6ed1a51,2026-08-03T17:26:14.048326Z
