slot,controller,requested_forward_speed,episode_id,seed,spawn_origin_x,spawn_origin_y,spawn_origin_z,post_warmup_origin_x,post_warmup_origin_y,post_warmup_origin_z,post_warmup_forward_baseline_blocks,post_warmup_lateral_baseline_blocks,terminal_spawn_relative_forward_blocks,terminal_spawn_relative_lateral_blocks,control_steps,episode_return,forward_displacement_blocks,lateral_displacement_blocks,machine_failure,arena_escape,termination_reason,minimum_body_up,peak_vertical_excursion_blocks,action_total_variation,action_saturation_fraction,terminal_captured
0,learned,0.50000000,8100000,8200000,31.50000000,83.58000000,63.84482758,31.50001335,83.29843140,64.40964508,-0.56481750,0.00001335,3.22612183,1.99976349,200,-4.03938351,3.79093933,1.99975014,false,false,TIME_LIMIT,0.38790616,2.08671570,42.08044084,0.00000000,true
1,learned,0.80000000,8100001,8200001,43.50000000,83.58000000,63.84482758,43.49999619,83.29927063,64.40768433,-0.56285674,-0.00000381,2.35111421,2.05987931,200,-5.17425812,2.91397095,2.05988312,false,false,TIME_LIMIT,0.36246232,2.09324646,44.20205192,0.00000000,true
2,learned,1.10000000,8100002,8200002,55.50000000,83.58000000,63.84482758,55.50000763,83.29846954,64.40956879,-0.56474120,0.00000763,11.34903901,-0.12260055,200,9.25614295,11.91378021,-0.12260818,false,false,TIME_LIMIT,0.34249595,2.07055664,46.32366300,0.00000000,true
3,neutral,0.50000000,8100000,8200000,31.50000000,83.58000000,63.84482758,31.50001335,83.29843140,64.40964508,-0.56481750,0.00001335,-2.72591979,-0.00056076,200,-7.58100578,-2.16110229,-0.00057411,false,false,TIME_LIMIT,0.56635306,2.06653595,0.00000000,0.00000000,true
4,neutral,0.80000000,8100001,8200001,43.50000000,83.58000000,63.84482758,43.49999619,83.29927063,64.40768433,-0.56285674,-0.00000381,-2.72209746,0.02225113,200,-7.47168686,-2.15924072,0.02225494,false,false,TIME_LIMIT,0.56252378,2.06623077,0.00000000,0.00000000,true
5,neutral,1.10000000,8100002,8200002,55.50000000,83.58000000,63.84482758,55.50000763,83.29846954,64.40956879,-0.56474120,0.00000763,-2.72605712,-0.00082397,200,-7.42601606,-2.16131592,-0.00083160,false,false,TIME_LIMIT,0.56634971,2.06660461,0.00000000,0.00000000,true
6,scripted_alternating_sine,0.50000000,8100000,8200000,31.50000000,83.58000000,63.84482758,31.50001335,83.29843140,64.40964508,-0.56481750,0.00001335,3.79008668,-4.53582764,89,-12.02927418,4.35490417,-4.53584099,true,true,MACHINE_FAILURE,-0.42097220,7.00561523,32.07743950,0.00000000,true
7,scripted_alternating_sine,0.80000000,8100001,8200001,43.50000000,83.58000000,63.84482758,43.49999619,83.29927063,64.40768433,-0.56285674,-0.00000381,5.82379716,0.68152619,200,3.78545522,6.38665390,0.68153000,false,false,TIME_LIMIT,0.49789481,2.06544495,71.67300347,0.00000000,true
8,scripted_alternating_sine,1.10000000,8100002,8200002,55.50000000,83.58000000,63.84482758,55.50000763,83.29846954,64.40956879,-0.56474120,0.00000763,2.03330033,-1.89339828,200,-13.09070751,2.59804153,-1.89340591,false,false,TIME_LIMIT,0.49871426,2.14664459,71.67300347,0.00000000,true
